Questions,Response
Air Quality Control,Continuous monitoring of particulate matter (PM2.5 and PM10) is required. Emissions must not exceed specified limits.
Water Management,"Water used in mining operations must be treated before release. Regular testing for pH, dissolved oxygen, and contaminants is mandatory."
Water Management,"All waste materials, including hazardous waste, must be properly categorized, stored, and disposed of in compliance with environmental regulations."
Land Reclamation,"Post-mining land reclamation must begin within 6 months of mining cessation, aiming to restore the land to its original condition or better."
Noise Pollution Control,"Noise levels must be monitored regularly, and measures must be taken to reduce noise pollution, especially near residential areas."
Ecosystem Preservation,Mining operations must avoid critical habitats and implement measures to preserve local wildlife and plant species.
Soil Erosion Prevention,"Strategies must be implemented to prevent soil erosion, such as maintaining vegetation cover and constructing barriers."
Acid Mine Drainage Control,"Measures must be in place to prevent acid mine drainage, including proper water management and neutralization techniques."
Energy Efficiency,Mining operations must use energy-efficient equipment and explore renewable energy sources to reduce carbon footprint.
Environmental Impact Assessment (EIA),An EIA must be conducted before the commencement of any mining project to evaluate potential environmental risks and mitigation strategies.
Greenhouse Gas Emissions,"Regular monitoring of greenhouse gas emissions is required, with efforts to reduce emissions through cleaner technologies."
Biodiversity Management,Biodiversity management plans must be in place to minimize the impact on local ecosystems and promote species conservation.
Hazardous Materials Management,"Proper handling, storage, and disposal of hazardous materials are required to prevent environmental contamination."
Water Conservation,"Water conservation measures, such as recycling and efficient usage, must be implemented to minimize water consumption."
Mine Closure Plan,"A detailed mine closure plan must be developed, including environmental restoration and long-term monitoring of the site."
Dust Control,"Dust suppression measures, such as water spraying and windbreaks, must be used to minimize airborne dust particles."
Water Quality Monitoring,"Regular monitoring of water quality, including the measurement of heavy metals, is required to protect local water bodies."
Reforestation,Reforestation initiatives must be undertaken in areas affected by mining to restore forest cover and improve carbon sequestration.
Climate Change Adaptation,"Mining operations must incorporate strategies to adapt to climate change, including flood control and drought management."
Environmental Training,"Workers must receive training on environmental protection practices, including waste management, pollution control, and energy conservation."